,0
0,Волейболистите ни отново обърнаха Канада
1,Бургас утре ще е в траур за двамата загинали полицаи
2,Кирил Петков заведе дело за клевета срещу Борисов за половин милион лева
3,Левски спечели Купата на България и се поздрави първи трофей от 13 години (галерия)
4,Добрин Тодоров
5,Дъждът наводни станция на метрото в София (видео)
6,Технологии
7,Yettel посвещава онлайн седмица на iPhone 13 с отстъпки до 300 лв.
8,Нашите автори
9,Човек наистина се уморява от много мислене
10,"Разрушават тютюнев склад в Пловдив, който е част от групов паметник на културата"
11,"Ваня Григорова се опита да надвика Георги Ганев с опорки за Газпром, не ѝ се получи"
12,"След зверска катастрофа актрисата Ан Хечи на апарат, няма шанс за живот"
13,C'est la vie от улица ''Йосиф Цанков''
14,"Гафове на ФСБ довели до провала на операцията в Украйна. Путин бил подведен, че руснаците ще бъдат посрещнати с цветя"
15,82-годишна жена е загинала при пожара в Шумен
16,Автомобил фуча със 134 км/ч по печално известния столичен бул. 'Черни връх'
17,Войната няма да свърши с освобождението на Крим и Донбас. Трябва да отидем в Москва
18,7720 зрелостници на матура по литература днес
19,Рекорден подарък от Байдън за Деня на независимостта: Оръжия за 3 милиарда за Украйна
20,И Демерджиев отхвърли предложението на прокуратурата за спецзвено за изборите
21,"България в Топ-20 на приятелите на Украйна според класация на Forbes, заделили сме за Киев повече БВП от САЩ"
22,Момичетата ни са на 1/4-финал на европейското по баскетбол
23,Прилошаване спря Григор Димитров от участие в турнир след брилянтно начало
24,Шест месеца война в Украйна в графики и цифри
25,"Мегън: Не знаех, че амбицията е нещо ужасно за жена, докато не започнах да излизам с Хари"
26,Столичната община е осъдена да премести трамваите от локалното трасе по бул. 'Ген. Скобелев'
27,ПП обяви водачите си на листи за вота
28,Лукашенко поздрави украинския народ за Деня на независимостта
29,"Той танцува брейк на Бах: Лил Рок, който ни учи да летим (интервю)"
30,Кажете сбогом на притесненията със стягащото бельо на BulBel
31,"Thievery Corporation пристигат с пет гост-вокалиста за концерта си във вторник, 28 юни, в Национален исторически музей"
32,Туристи от Опан в Крим? Или как български кметове перат имиджа на Русия
33,Двама полицаи загинаха в Бургас при опит да спрат автобус с мигранти
34,Прахосмукачки робот: вършат ли работа наистина?
35,Здравка Евтимова
36,Бенифър празнуват сватбата си с тридневен купон
37,"Демерджиев обяви война на каналджиите, след като те обявиха война на държавата"
38,Психология
39,Дъщерята на идеолога на 'руския свят' загина след взрив на кола-бомба
40,PIMDESIGN - multimedia design studio
41,Таков: Трябва да спрем с вътрешнопартийния канибализъм. В София работим за единението на БСП
42,Ще чуе ли българската съдебна система руснака Алексей Алчин
43,"Дами и господа министри, не се унижавайте!"
44,"Ивайло Крушарски пред Nostrabet: „БГ Футболни проби“ е малка, но значима крачка в правилна посока"
45,"Диян Петков пред Efirbet: Футболът в Бургас ще живне, ако се реши един проблем"
46,''Истории от планетата земя'' търси отговор на същестуването на злото
47,"Бивш ректор изуми с декларацията си: 37 имота, сред тях апартамент за 13 лева"
48,Почина поетесата Екатерина Йосифова
49,Разследване
50,"Задържаха габровец, обвинен в убиството на партньорката си"
51,Къпините: достъпната супер храна
52,Взривът срещу Дугина - новото убийство на Киров? В Кремъл започва борбата за власт
53,Никола Минчев: Лена Бориславова и Яна Балникова се оттеглиха по лични причини
54,Защо руснаците не протестират и кога ще падне Путин?
55,"3 трика, които ще запазят дивана у дома чист по-дълго време"
56,"Кола притисната между два трамвая в София, движението им в района е спряно"
57,Левски поема курс към пълно оздравяване
58,"Заровени в земята машини се вадеха, дизелът се крадеше, а привидно всичко беше наред в руската армия"
59,Уил Смит иска лично да се извини на Крис Рок за шамара на оскарите
60,Маските в градския транспорт вече не са задължителни
61,'Лошото дете' на киното Ларс фон Триер е с Паркинсон
62,Искрецката река се върна - огромна (видео)
63,"Сабрутев от ПП: Защо Борисов се притеснява да се пенсионира, вдигнахме пенсиите"
64,Как да се справим със стреса
65,Истории за доброто
66,"Откриха мъртва жена в село Войнеговци, мъж е задържан"
67,Емили се преби с тротинетката по Околовръстното със 100 км/ч
68,Авто OFFnews
69,Още четири спешни центъра заработиха в столицата
70,Д-р Трифон Трифонов: България трябва да е водеща в европейската стратегия за развитие на културното наследство
71,Стихове за самотни мъже - разказ от Здравка Евтимова
72,Св. Тит бил ученик на апостол Павел
73,На лов за ''доброволци'' - риалити на смъртта или руска реалност
74,"Арестуваха двама московчани, защото правели секс в дома си"
75,"Ода, вместо реквием. Шестте месеца, които промениха Европа и света"
76,"Крум Зарков: Подготвяме всички законопроекти за съдебната реформа, за да може следващото НС бързо да ги приеме"
77,Наука OFFnews
78,Storytel създава нов вид аудиопреживяване по култовата антиутопия на Джордж Оруел '1984'
79,"Мъж загина при удар между кола, бус и тир край Елин Пелин"
80,"Менделсон, Кейт Буш и Васко Жабата"
81,Да сверим часовника: Как да бъдем актуални в бъдеще със сегашната покупка
82,"Задържаха мъж, който преби детето си"
83,"67-годишен на съд: Пие, кара, блъска пешеходка и бяга"
84,"Мъж заспа зад волана и блъсна кола: жена е в реанимация със счупени таз, ребра, крак, ръка и челюст"
85,Кой уби Даря Дугина: нова фаза във войната на Русия срещу Украйна
86,"Осъдиха съпруга на Нанси Пелоси на затвор и пробация, шофирал пиян и дрогиран"
87,"Минеков се върна към старата си идея - 0,2% от БВП трябва да отиват за култура"
88,Дейвид Гарет издаде нов сингъл с прочутия Андреа Бочели
89,Венци Мицов
90,Нарру има реален шанс да стане ресторант на годината в Лондон
91,Евгений Дайнов: Какво да очакваме на Миндя рок фест 2022
92,Украинската армия удари с точен удар офиса на Денис Пушилин в Донецк
93,"Войната показа, че има украинска нация, а неин баща е Владимир Путин"
94,"Тити Папазов обяви, че напуска надзора на Левски под натиск"
95,Евакуираха 15-етажен блок в Шумен заради пожар на 11-ия
96,Протестът #ГАZwithme и шествието за Украйна се сляха
97,Цветан Соколов: Готови сме за изненади
98,Мама нинджа
99,Приключи първият аукцион в Европа за конфискувана яхта на руски милиардер под санкции
100,"Първан Симеонов: ПП разбраха, че влизайки в нишата на ДБ, губят потенциални гласове"
101,ДБ обжалва пред ВАС решение на ЦИК за изходния код на машините за гласуване
102,Вицепремиерът Пеканов: Не е много сигурно колко надежден доставчик е Русия
103,Камъни падат от небето: Унищожена е руска ремонтна база със 100 танка и БТР-и
104,"Дамски портмонета от естествена кожа – стилни, красиви и издръжливи"
105,"Партизани прерязаха гърлото на руски войник в Мелитопол, посегнал на непълнолетно момиче (видео)"
106,Задава ли се младоруска революция
107,Анализи и Коментари
108,"Украинка потърси убежище в България, за да спаси бебето си. След отказ от медицинска помощ то умира"
109,Манчестър Юнайтед спечели голямото дерби срещу Ливърпул
110,"В Латвия, Полша и Естония започна събаряне на паметници на Съветската армия"
111,Николай Братоев - Крижицки
112,Какво се случва с парите на ''Възраждане'': Елена Гунчева и други бивши партийци разкриват детайли
113,"Подготвят се основни ремонти на още два тунела по магистрала ""Хемус"""
114,Съдът окончателно обяви ареста на Бойко Борисов за незаконен
115,Облачно и дъждовно време днес
116,'Голямото преследване' с Ники Кънчев тръгва по Нова от 5 септември
117,Професор сезира главния прокурор срещу вдигането на асистентските заплати в университетите
118,Португалецът с ново сърце Салвадор Собрал завърши 25-ото издание на джаз феста в Банско с българска песен пред многохилядна публика (видео)
119,Руски бронетранспонтьори на метри от реакторите в Запорожие
120,"Първан Симеонов: ПП разбраха, че влизайки в нишата на ДБ губят потенциални гласове"
121,Как България изгуби 5 милиарда долара от реверанси към Газпром
122,Левски ще санкционира футболист за нарушаване на карантината
123,"Мак Ръдърфорд кацна на летище София Запад и стана най-младият човек, обиколил света сам"
124,"Благодарение на Путин: Всички в Украйна искат независимост, спират да говорят на руски дори вкъщи"
